{"mean": [0.0, 0.0, 0.011519175071015493, 0.07836476454556233, 0.010027356063220364, 0.0389214472674999, 0.009958583291301207, 0.0029041382086626125, 0.01664346749202764, -0.03328940390321022, -0.005473916442649972, -0.47841310089295697, -0.023737550578471968, -0.3393202674915333, -0.028278052852101276, -0.3003035361970632, -0.0273374924687392, -0.36330592603171535, -0.0048717675791618625, -0.4968327138152602, -0.03170058336556779, -0.13009473997281615, -0.029983261754363263, -0.06901387445549788, -0.019635319588470448, -0.20368904953352954, -0.005324791783759465, -0.42767514415923985, -0.03133650463978913, -0.06949329438863652, -0.03217289641535977, -0.05088255034943205, -0.023280278914122248, -0.20622279992499026, -0.00981629518816039, -0.31671400771060587, -0.026853280404678253, -0.03340756812412864, -0.02645390005693256, -0.014205755873365412, -0.015232478571843332, -0.13636246908247576], "scale": [1.0, 1.0, 0.2577122741692379, 0.5143545877252195, 0.500199647781021, 0.9287993495471062, 0.6623415991325544, 1.2385201968719886, 0.7532391703460629, 1.4665944814143244, 0.7261934367367107, 0.7579314508726148, 0.9454321092937719, 0.9774379632385563, 1.0203194416166355, 1.0850323211469748, 1.0980560900938405, 1.1321865434974685, 0.697365036809384, 0.5165418915476382, 0.8391343754613486, 0.912921461108473, 0.6751261526349217, 1.0512087216044652, 0.5699173006697459, 1.0650465630685397, 0.6658391629775805, 0.4315319257694153, 0.7712573135735766, 0.8252237508258125, 0.6120384076440808, 0.933228171207567, 0.5201909562437739, 0.9308354955335524, 0.6453251075997561, 0.508648230224799, 0.7245932229625243, 0.758834442907314, 0.6214351726115976, 0.8293787282002233, 0.5501936546866828, 0.825361589473955]}